{
    "Popularity_Bias_Corr": NaN,
    "Gini_Index": 0.8907221486663347,
    "Invisible_Games_Count": 108360,
    "Precision_By_Profile": {
        "Casual": 0.6999999999999998
    }
}